Code, User, Activated
R7A1THOJL1,0,
R781ZG0LDN,0,
R7325ECN59,0,
R7Q2BCOOX8,0,
R7J2HB0QPJ,0,
R702N9CSHU,0,
R7E2T7OU9G,0,
R7S2Z60W1B,0,
R77354CXT8,0,
R7K1O4S3LB,0,
R7J1U345DK,0,
R75201G755,0,
R7425ZS8XL,0,
R7A2BY4APJ,0,
R7W2HWGCHN,0,
R7G2NUSE9N,0,
R7S2TT4G1U,0,
R722ZRGHTM,0,
R7635PSJL2,0,
R7I1OQ7PDL,0,
R7R1UOJR5R,0,
R7H20MVSX4,0,
R7O26L7UPQ,0,
R7J2CJJWHM,0,
R7S2IHVY9J,0,
R772OG801X,0,
R7J2UEK1TS,0,
R7630CW3L8,0,
R7K36B85DS,0,
R731PBNB5R,0,
R7S1V9ZCX9,0,
R7Q218BEP2,0,
R7H276NGHP,0,
R782D4ZI91,0,
R7L2J3BK14,0,
R712P1NLTM,0,
R7A2UZZNLT,0,
R7L30YBPD4,0,
R7036WNR5J,0,
R7R1PX2WXE,0,
R7Z1VVEYPB,0,
R7Y21TR0HR,0,
R7L27S329Z,0,
R732DQF41S,0,
R7P2JOR5TM,0,
R7S2PN37L9,0,
R7O2VLF9DB,0,
R7Y31JRB5B,0,
R7237I3CX9,0,
R7Z1QIIIPH,0,
R7H1WGUKHQ,0,
R7422F6M9K,0,
R7Y28DIO1F,0,
R7D2EBUPTE,0,
R7J2KA6RLY,0,
R7M2Q8ITD3,0,
R7D2W6UV5E,0,
R7S3256WXR,0,
R7R383IYPN,0,
R7X1R3Y4H1,0,
R7D1X2A69J,0,
R7L230M81W,0,
R7L28YY9T0,0,
R732EXABLJ,0,
R7P2KVMDDC,0,
R742QTYF5R,0,
R7C2WSAGXR,0,
R7832QMIP7,0,
R7B38OYKH6,0,
R791RPDQ9S,0,
R701XNPS1V,0,
R7T23M1TTH,0,
R7F29KDVLS,0,
R7L2FIPXDH,0,
R7A2LH1Z5G,0,
R7V2RFE0X6,0,
R7F2XDQ2PC,0,
R7333C24HZ,0,
R7N39AE69L,0,
R7K1SATC1O,0,
R7G1Y95DTE,0,
R7T247HFLD,0,
R742A5THDH,0,
R7E2G45J57,0,
R7J2M2HKX2,0,
R762S0TMPA,0,
R792XZ5OHC,0,
R7U33XHQ9R,0,
R7G39VTS13,0,
R711SW8XTJ,0,
R7V1YUKZLV,0,
R7L24SX1D0,0,
R7O2AR935N,0,
R7C2GPL4XY,0,
R7H2MNX6PA,0,
R732SM98HV,0,
R742YKLA9V,0,
R7934IXC1P,0,
R7H3AH9DTD,0,
R7Y1NLHNLV,0,
R761TJTPD6,0,
R7S1ZI5R5G,0,
R7125GHSXM,0,
R7U2BETUPB,0,
R7K2HD5WHP,0,
R7B2NBHY9Q,0,
R7E2T9U01G,0,
R7M2Z861T3,0,
R7B356I3LW,0,
R7O1O6X9D1,0,
R761U59B5T,0,
R7K203LCXM,0,
R7R261XEPL,0,
R7H2C09GH5,0,
R722HYLI9M,0,
R7Y2NWXK12,0,
R7Q2TV9LTI,0,
R7A2ZTLNLX,0,
R7L35RXPDP,0,
R7N1OSCV5A,0,
R7V1UQOWXN,0,
R7S20P0YP4,0,
R7C26ND0HG,0,
R7V2CLP29T,0,
R7S2IK1416,0,
R7H2OID5TE,0,
R7I2UGP7LK,0,
R7K30F19DP,0,
R7036DDB5V,0,
R7W1PDSGXQ,0,
R7L1VC4IPN,0,
R7V21AGKH2,0,
R70278SM99,0,
R7Q2D74O15,0,
R772J5GPTX,0,
R7F2P3SRLO,0,
R732V24TD4,0,
R7L310GV5K,0,
R7D36YSWXV,0,
R741PZ82PR,0,
R7Z1VXK4H6,0,
R7021VW69D,0,
R7X27U881U,0,
R712DSK9TO,0,
R7B2JQWBLT,0,
R782PP8DDY,0,
R7Z2VNKF57,0,
R7931LWGXQ,0,
R7W37K8IPD,0,
R711QKNOHA,0,
R771WIZQ9S,0,
R7V22HBS19,0,
R7328FNTTM,0,
R7S2EDZVL1,0,
R792KCBXDA,0,
R7U2QANZ5C,0,
R7Q2W900XX,0,
R7X327C2P7,0,
R7L385O4HA,0,
R7J1R63A97,0,
R7I1X4FC12,0,
R7W232RDTT,0,
R782913FLM,0,
R7U2EZFHDI,0,
R7Y2KXRJ56,0,
R7W2QW3KXA,0,
R762WUFMP0,0,
R7332SROH7,0,
R7738R3Q9X,0,
R7P1RRIW14,0,
R7U1XPUXTA,0,
R7223O6ZL5,0,
R7K29MJ1D1,0,
R722FKV35C,0,
R702LJ74X3,0,
R7U2RHJ6PY,0,
R772XFV8H0,0,
R7P33E7A9W,0,
R7E39CJC1Q,0,
R7K1SCYHTZ,0,
R7Q1YBAJLV,0,
R75249MLDQ,0,
R722A7YN5L,0,
R7E2G6AOXE,0,
R7K2M4MQP4,0,
R732S2YSH9,0,
R7J2Y1AU9V,0,
R7P33ZMW1E,0,
R7X39XYXT5,0,
R761SYE3LR,0,
R7P1YWQ5DL,0,
R7S24V275M,0,
R7E2ATE8X6,0,
R7M2GRQAP4,0,
R7Q2MQ2CHK,0,
R7U2SOEE9X,0,
R7L2YMQG19,0,
R7H34L2HTX,0,
R7G3AJEJL9,0,
R7F1NNMTDB,0,
R7E1TLYV57,0,
R781ZKAWXY,0,
R7C25IMYPA,0,
R7Y2BGZ0H1,0,
R7Z2HFB29A,0,
R722NDN41D,0,
R7U2TBZ5TX,0,
R7P2ZAB7LX,0,
R72358N9DS,0,
R7K1O92F5N,0,
R7P1U7EGXC,0,
R7I205QIP7,0,
R7N2642KH2,0,
R7F2C2EM93,0,
R7H2I0QO1Z,0,
R702NZ2PTF,0,
R7N2TXERLD,0,
R7Y2ZVQTD1,0,
R7135U2V5N,0,
R7X1OUI0XM,0,
R791USU2PY,0,
R7A20R64H9,0,
R7S26PI69P,0,
R742CNU81S,0,
R7K2IM69TE,0,
R7G2OKIBL2,0,
R712UIUDDA,0,
R7Q30H6F5B,0,
R7A36FIGXI,0,
R7G1PFXMP9,0,
R7N1VE9OH4,0,
R7N21CLQ9V,0,
R7B27AXS1J,0,
R7H2D99TT8,0,
R7C2J7LVL3,0,
R782P5XXDG,0,
R7Y2V49Z51,0,
R7U312M0XY,0,
R7G370Y2PC,0,
R7D1Q1D8HN,0,
R7Z1VZPA9L,0,
R7I21Y1C1R,0,
R7Q27WDDTJ,0,
R7H2DUPFLX,0,
R7N2JT1HDQ,0,
R7X2PRDJ5C,0,
R7I2VPPKXP,0,
R7S31O1MP7,0,
R7S37MDOHF,0,
R7C1QMSU9S,0,
R7J1WL4W14,0,
R7E22JGXTA,0,
R7228HSZLY,0,
R7J2EG51DQ,0,
R7I2KEH35P,0,
R7W2QCT4XN,0,
R792WB56PM,0,
R7P329H8H8,0,
R7C387TA9X,0,
R771R88G1K,0,
R7O1X6KHTR,0,
R72234WJLF,0,
R702938LDV,0,
R7J2F1KN57,0,
R7T2KZWOXM,0,
R7L2QY8QPR,0,
R742WWKSH7,0,
R7X32UWU9A,0,
R7A38T8W1T,0,
R7R1RTO1TO,0,
R7E1XS03LS,0,
R7023QC5DW,0,
R7Q29OO758,0,
R712FN08X6,0,
R792LLCAPQ,0,
R7V2RJOCHH,0,
R7J2XI0E9N,0,
R7K33GCG1T,0,
R7P39EOHTQ,0,
R7H1SF3NL4,0,
R7V1YDFPD2,0,
R7N24BRR5D,0,
R772AA3SXC,0,
R7B2G8FUP1,0,
R7T2M6RWHT,0,
R7N2S53Y9C,0,
R7R2Y3G012,0,
R70341S1TX,0,
R713A043LJ,0,
R7C1T0J9DT,0,
R791YYVB51,0,
R7I24X7CXS,0,
R7X2AVJEPT,0,
R7P2GTVGHM,0,
R7A2MS7I9I,0,
R7U2SQJK1A,0,
R722YOVLTH,0,
R7L34N7NL0,0,
R7B3ALJPDB,0,
R7J1NPRZ5Q,0,
R7U1TO40XX,0,
R761ZMG2PB,0,
R7G25KS4H4,0,
R7W2BJ4690,0,
R7Q2HHG81N,0,
R7D2NFS9TZ,0,
R7S2TE4BLE,0,
R712ZCGDDF,0,
R7H35ASF5F,0,
R7V1OB7KXR,0,
R7B1U9JMP1,0,
R7T207VOHP,0,
R752667Q9L,0,
R752C4JS1B,0,
R7D2I2VTTB,0,
R7N2O17VLV,0,
R7G2TZJXDA,0,
R712ZXVZ54,0,
R7135W80X4,0,
R751OWN6PD,0,
R7Y1UUZ8HF,0,
R7Y20TBA9X,0,
R7J26RNC1I,0,
R7Q2CPZDTS,0,
R712IOBFLC,0,
R7P2OMNHDJ,0,
R7L2UKZJ5Z,0,
R7830JBKXW,0,
R7136HNMPN,0,
R7Y1PI2SH4,0,
R7E1VGEU9Q,0,
R7W21EQW19,0,
R7027D2XTS,0,
R7X2DBEZLA,0,
R7C2J9R1DJ,0,
R7X2P8335Y,0,
R7C2V6F4X8,0,
R75314R6PT,0,
R7837338H6,0,
R731Q3IE9A,0,
R7U1W1UG1Z,0,
R792206HTU,0,
R7227YIJLB,0,
R7W2DWULD8,0,
R7F2JV6N5H,0,
R7X2PTIOX7,0,
R7H2VRUQP5,0,
R7J31Q6SH3,0,
R7E37OIU91,0,
R7E1QOY01V,0,
R7V1WNA1TY,0,
R7G22LM3L1,0,
R7N28JY5DT,0,
R7Z2EIA75Y,0,
R792KGM8XI,0,
R7L2QEYAPF,0,
R7H2WDACH3,0,
R7L32BME9I,0,
R7C389YG1P,0,
R7M1RADLTR,0,
R701X8PNLD,0,
R742371PDQ,0,
R7X295DR5Q,0,
R732F3PSX4,0,
R752L21UP1,0,
R742R0DWH3,0,
R7B2WYPY97,0,
R7I32X201P,0,
R7O38VE1T8,0,
R7R1RVT7LW,0,
R7M1XU59DO,0,
R7S23SHB5E,0,
R7E29QTCXQ,0,
R7D2FP5EPI,0,
R702LNHGHJ,0,
R7K2RLTI9R,0,
R7V2XK5K1P,0,
R7X33IHLT8,0,
R7E39GTNL0,0,
R7Y1SH8TDS,0,
R7I1YFKV5M,0,
R7L24DWWXT,0,
R7L2AC8YPR,0,
R7X2GAL0HK,0,
R7I2M8X29M,0,
R7T2S7941F,0,
R7U2Y5L5TM,0,
R7S343X7LO,0,
R7P3A299D8,0,
R741T2OF5Z,0,
R7L1Z10GXT,0,
R7124ZCIPW,0,
R7S2AXOKHF,0,
R7F2GW0M9N,0,
R7W2MUCO14,0,
R7Y2SSOPT1,0,
R7I2YR0RLT,0,
R7334PCTDR,0,
R7M3ANOV5M,0,
R761NRX4X0,0,
R781TQ96PA,0,
R731ZOL8H4,0,
R7K25MXA92,0,
R712BL9C14,0,
R732HJLDTH,0,
R7L2NHXFLV,0,
R7E2TG9HD6,0,
R712ZELJ5B,0,
R7B35CXKX1,0,
R7E1ODCQPI,0,
R7E1UBOSHN,0,
R7120A0U9M,0,
R74268CW1N,0,
R7S2C6OXTX,0,
R732I50ZLT,0,
R792O3D1D3,0,
R7A2U1P35F,0,
R7L30014XY,0,
R7Q35YD6P7,0,
R7D1OYSCHF,0,
R7D1UX4E9J,0,
R7O20VGG1X,0,
R7K26TSHT2,0,
R7O2CS4JLH,0,
R7Y2IQGLDA,0,
R7U2OOSN5W,0,
R712UN4OXY,0,
R7130LGQPY,0,
R7M36JSSHK,0,
R7V1PK7Y9W,0,
R7H1VIK01G,0,
R7C21GW1TX,0,
R7127F83LP,0,
R7H2DDK5DD,0,
R7O2JBW756,0,
R7L2PA88X0,0,
R772V8KAPF,0,
R7G316WCHI,0,
R7G3758E9I,0,
R7K1Q5NK1U,0,
R741W3ZLT1,0,
R7T222BNL2,0,
R7J280NPDJ,0,
R7Q2DYZR5D,0,
R7M2JXBSXG,0,
R782PVNUPL,0,
R7W2VTZWHT,0,
R7P31SBY9F,0,
R7L37QO01V,0,
R7N1QR35TT,0,
R7G1WPF7L2,0,
R7T22NR9DL,0,
R7C28M3B58,0,
R712EKFCX6,0,
R7I2KIREPU,0,
R7F2QH3GH8,0,
R7D2WFFI9V,0,
R7K32DRK1H,0,
R7038C3LT3,0,
R711RCIRL5,0,
R7F1XAUTDY,0,
R7D2396V51,0,
R7V297IWXK,0,
R7B2F5UYP8,0,
R7Q2L470H5,0,
R7N2R2J299,0,
R7I2X0V416,0,
R7W32Z75TR,0,
R7238XJ7L3,0,
R7K1RXYDD2,0,
R711XWAF5Z,0,
R7G23UMGXH,0,
R7O29SYIP6,0,
R7Y2FRAKHQ,0,
R782LPMM9V,0,
R7W2RNYO1T,0,
R762XMAPT6,0,
R7833KMRL0,0,
R7339IYTD9,0,
R7X1SJDZ5W,0,
R7A1YHQ0XW,0,
R7O24G22PM,0,
R792AEE4HM,0,
R7T2GCQ694,0,
R7E2MB2811,0,
R7G2S9E9T2,0,
R7U2Y7QBLI,0,
R7Q3462DDF,0,
R7S3A4EF55,0,
R7C1T4TKXW,0,
R7U1Z35MPW,0,
R7O251HOHI,0,
R7E2AZTQ9O,0,
R7U2GY5S1P,0,
R7I2MWHTT6,0,
R7R2SUTVLH,0,
R742YT5XDJ,0,
R7H34RHZ5V,0,
R7E3APU0XX,0,
R7S1NU2AP3,0,
